"ID","NOMBRE","MARCA","MODELO","IMG JSON","MOTIVO DEL FALLBACK"
"1","KIT MANIJAS INTERIORES CON EMBELLECEDOR","VOLKSWAGEN","GOLF MK4","/catalogo-editado/volkswagen-golf-mk4/VOLKSWAGEN_MK4_GOLF_99_2006_KIT_MANIJAS_INTERIORES_CON_EMBELLECEDOR.png","No existe una fotografía original válida"
"4","MANDO AJUSTE ESPEJOS RETROVISORES","VOLKSWAGEN","GOLF MK4","/catalogo-editado/volkswagen-golf-mk4/VOLKSWAGEN_MK4_GOLF_99_2006_MANDO_AJUSTE_ESPEJOS_RETROVISORES.png","No existe una fotografía original válida"
"5","PERILLA CAMBIOS 5 VELOCIDADES CON FUELLE","VOLKSWAGEN","GOLF MK4","/catalogo-editado/volkswagen-golf-mk4/VOLKSWAGEN_MK4_GOLF_99_2006_PERILLA_CAMBIOS_5_VELOCIDADES_CON_FUELLE.png","No existe una fotografía original válida"
"6","PERILLA CAMBIOS 5 VELOCIDADES FUELLE NEGRO","VOLKSWAGEN","GOLF MK4","/catalogo-editado/volkswagen-golf-mk4/VOLKSWAGEN_MK4_GOLF_99_2006_PERILLA_CAMBIOS_5_VELOCIDADES_FUELLE_NEGRO.png","No existe una fotografía original válida"
"7","PERILLA CAMBIOS 5 VELOCIDADES FUELLE ROJO","VOLKSWAGEN","GOLF MK4","/catalogo-editado/volkswagen-golf-mk4/VOLKSWAGEN_MK4_GOLF_99_2006_PERILLA_CAMBIOS_5_VELOCIDADES_FUELLE_ROJO.png","No existe una fotografía original válida"
"8","TAPA PLÁSTICA INTERIOR PUERTA","VOLKSWAGEN","GOLF MK4","/catalogo-editado/volkswagen-golf-mk4/VOLKSWAGEN_MK4_GOLF_99_2006_TAPA_PLASTICA_INTERIOR_PUERTA.png","No existe una fotografía original válida"
"9","REJILLA CENTRAL DE VENTILACIÓN DEL TABLERO","VOLKSWAGEN","GOLF MK4","/catalogo-editado/volkswagen-golf-mk4/VOLKSWAGEN_GOLF_MK4_1999_2006_REJILLA_CENTRAL_DE_VENTILACION_DEL_TABLERO.png","No existe una fotografía original válida"
"10","APOYABRAZOS CENTRAL","VOLKSWAGEN","GOLF MK4","/catalogo-editado/volkswagen-golf-mk4/VOLKSWAGEN_MK4_GOLF_99_2006_APOYABRAZOS_CENTRAL.png","No existe una fotografía original válida"
"11","INTERRUPTOR PRINCIPAL LUCES","VOLKSWAGEN","GOLF MK4","/catalogo-editado/volkswagen-golf-mk4/VOLKSWAGEN_MK4_GOLF_99_2006_INTERRUPTOR_PRINCIPAL_LUCES.png","No existe una fotografía original válida"
"12","LIP INFERIOR BUMPER DELANTERO","VOLKSWAGEN","GOLF MK4","/catalogo-editado/volkswagen-golf-mk4/VOLKSWAGEN_MK4_GOLF_99_2006_LIP_INFERIOR_BUMPER_DELANTERO.png","No existe una fotografía original válida"
"13","LIP DELANTERO SPOILER FRONTAL","VOLKSWAGEN","GOLF MK4","/catalogo-editado/volkswagen-golf-mk4/VOLKSWAGEN_MK4_GOLF_99_2006_LIP_DELANTERO_SPOILER_FRONTAL.png","No existe una fotografía original válida"
"14","MOLDURAS ENTRADA GOLF","VOLKSWAGEN","GOLF MK4","/catalogo-editado/volkswagen-golf-mk4/VOLKSWAGEN_MK4_GOLF_99_2006_MOLDURAS_ENTRADA_GOLF.png","No existe una fotografía original válida"
"15","SEMIEJE DELANTERO COMPLETO","VOLKSWAGEN","GOLF MK4","/catalogo-editado/volkswagen-golf-mk4/VOLKSWAGEN_MK4_GOLF_99_2006_SEMIEJE_DELANTERO_COMPLETO.png","No existe una fotografía original válida"
"17","REPOSAPIÉ LATERAL ACERO INOXIDABLE","VOLKSWAGEN","GOLF MK4","/catalogo-editado/volkswagen-golf-mk4/VOLKSWAGEN_MK4_GOLF_99_2006_REPOSAPIE_LATERAL_ACERO_INOXIDABLE.png","No existe una fotografía original válida"
"18","BASE ANTENA TECHO CON CABLE","VOLKSWAGEN","GOLF MK4","/catalogo-editado/volkswagen-golf-mk4/VOLKSWAGEN_MK4_GOLF_99_2006_BASE_ANTENA_TECHO_CON_CABLE.png","No existe una fotografía original válida"
"19","ESPEJOS LATERALES ELÉCTRICOS","VOLKSWAGEN","GOLF MK4","/catalogo-editado/volkswagen-golf-mk4/VOLKSWAGEN_MK4_GOLF_99_2006_ESPEJOS_LATERALES_ELECTRICOS.png","No existe una fotografía original válida"
"20","ESPEJOS LATERALES ELÉCTRICOS CON DIRECCIONAL LED","VOLKSWAGEN","GOLF MK4","/catalogo-editado/volkswagen-golf-mk4/VOLKSWAGEN_MK4_GOLF_99_2006_ESPEJOS_LATERALES_ELECTRICOS_CON_DIRECCIONAL_LED.png","No existe una fotografía original válida"
"21","KIT RESORTES SUSPENSIÓN DEPORTIVA","VOLKSWAGEN","GOLF MK4","/catalogo-editado/volkswagen-golf-mk4/VOLKSWAGEN_MK4_GOLF_99_2006_KIT_RESORTES_SUSPENSION_DEPORTIVA.png","No existe una fotografía original válida"
"22","BARRA TORRETAS DELANTERA AZUL","VOLKSWAGEN","GOLF MK4","/catalogo-editado/volkswagen-golf-mk4/VOLKSWAGEN_MK4_GOLF_99_2006_BARRA_TORRETAS_DELANTERA_AZUL.png","No existe una fotografía original válida"
"28","KIT CLUTCH DEPORTIVO COMPLETO","VOLKSWAGEN","GOLF MK4","/catalogo-editado/volkswagen-golf-mk4/VOLKSWAGEN_MK4_GOLF_99_2006_KIT_CLUTCH_DEPORTIVO_COMPLETO.png","No existe una fotografía original válida"
"29","PAR DE DISCOS DE FRENO PERFORADOS Y RANURADOS","VOLKSWAGEN","GOLF MK4","/catalogo-editado/volkswagen-golf-mk4/VOLKSWAGEN_GOLF_MK4_1999_2006_PAR_DE_DISCOS_DE_FRENO_PERFORADOS_Y_RANURADOS.png","No existe una fotografía original válida"
"30","SISTEMA DE ESCAPE CAT-BACK EN ACERO INOXIDABLE","VOLKSWAGEN","GOLF MK4","/catalogo-editado/volkswagen-golf-mk4/VOLKSWAGEN_GOLF_MK4_1999_2006_SISTEMA_DE_ESCAPE_CAT_BACK_EN_ACERO_INOXIDABLE.png","No existe una fotografía original válida"
"31","PAR DE MICAS TRANSPARENTES PARA FAROLA DELANTERA","VOLKSWAGEN","GOLF MK4","/catalogo-editado/volkswagen-golf-mk4/VOLKSWAGEN_GOLF_MK4_1999_2006_PAR_DE_MICAS_TRANSPARENTES_PARA_FAROLA_DELANTERA.png","No existe una fotografía original válida"
"32","DIRECCIONALES LATERALES LED AHUMADAS","VOLKSWAGEN","GOLF MK4","/catalogo-editado/volkswagen-golf-mk4/VOLKSWAGEN_MK4_GOLF_99_2006_DIRECCIONALES_LATERALES_LED_AHUMADAS.png","No existe una fotografía original válida"
"33","FAROLAS DELANTERAS NEGRAS","VOLKSWAGEN","GOLF MK4","/catalogo-editado/volkswagen-golf-mk4/VOLKSWAGEN_MK4_GOLF_99_2006_FAROLAS_DELANTERAS_NEGRAS.png","No existe una fotografía original válida"
"34","FAROS DELANTEROS ANGEL EYES NEGROS","VOLKSWAGEN","GOLF MK4","/catalogo-editado/volkswagen-golf-mk4/VOLKSWAGEN_MK4_GOLF_99_2006_FAROS_DELANTEROS_ANGLE_EYES_NEGROS.png","No existe una fotografía original válida"
"35","PAR DE EXPLORADORAS CON REJILLA","VOLKSWAGEN","GOLF MK4","/catalogo-editado/volkswagen-golf-mk4/VOLKSWAGEN_GOLF_MK4_1999_2006_PAR_DE_EXPLORADORAS_CON_REJILLA.png","No existe una fotografía original válida"
"36","KIT EXPLORADORAS AMARILLAS CON REJILLAS","VOLKSWAGEN","GOLF MK4","/catalogo-editado/volkswagen-golf-mk4/VOLKSWAGEN_MK4_GOLF_99_2006_KIT_EXPLORADORAS_AMARILLAS_CON_REJILLAS.png","No existe una fotografía original válida"
"37","KIT EXPLORADORAS DELANTERAS CON REJILLAS","VOLKSWAGEN","GOLF MK4","/catalogo-editado/volkswagen-golf-mk4/VOLKSWAGEN_MK4_GOLF_99_2006_KIT_EXPLORADORAS_DELANTERAS_CON_REJILLAS.png","No existe una fotografía original válida"
"38","KIT EXPLORADORAS DELANTERAS REJILLAS NEGRAS","VOLKSWAGEN","GOLF MK4","/catalogo-editado/volkswagen-golf-mk4/VOLKSWAGEN_MK4_GOLF_99_2006_KIT_EXPLORADORAS_DELANTERAS_REJILLAS_NEGRAS.png","No existe una fotografía original válida"
"39","KIT EXPLORADORAS LUZ DIURNA LED","VOLKSWAGEN","GOLF MK4","/catalogo-editado/volkswagen-golf-mk4/VOLKSWAGEN_MK4_GOLF_99_2006_KIT_EXPLORADORAS_LUZ_DIURNA_LED.png","No existe una fotografía original válida"
"40","PAR DE LUCES LED DE CORTESÍA PARA PUERTA","VOLKSWAGEN","GOLF MK4","/catalogo-editado/volkswagen-golf-mk4/VOLKSWAGEN_GOLF_MK4_1999_2006_PAR_DE_LUCES_LED_DE_CORTESIA_PARA_PUERTA.png","No existe una fotografía original válida"
"41","PAR DE STOPS TRASEROS LED","VOLKSWAGEN","GOLF MK4","/catalogo-editado/volkswagen-golf-mk4/VOLKSWAGEN_GOLF_MK4_1999_2006_PAR_DE_STOPS_TRASEROS_LED.png","No existe una fotografía original válida"
"42","PAR DE STOPS TRASEROS LED AHUMADOS","VOLKSWAGEN","GOLF MK4","/catalogo-editado/volkswagen-golf-mk4/VOLKSWAGEN_GOLF_MK4_1999_2006_PAR_DE_STOPS_TRASEROS_LED_AHUMADOS.png","No existe una fotografía original válida"
"43","FAROLAS TRASERAS AHUMADAS NEGRAS ROJAS","VOLKSWAGEN","GOLF MK4","/catalogo-editado/volkswagen-golf-mk4/VOLKSWAGEN_MK4_GOLF_99_2006_FAROLAS_TRASERAS_AHUMADAS_NEGRAS_ROJAS.png","No existe una fotografía original válida"
"44","FAROLA TRASERA LED ROJA BLANCA","VOLKSWAGEN","GOLF MK4","/catalogo-editado/volkswagen-golf-mk4/VOLKSWAGEN_MK4_GOLF_99_2006_FAROLA_TRASERA_LED_ROJA_BLANCA.png","No existe una fotografía original válida"
"45","FAROLAS TRASERAS DEPORTIVAS NEGRAS ROJAS","VOLKSWAGEN","GOLF MK4","/catalogo-editado/volkswagen-golf-mk4/VOLKSWAGEN_MK4_GOLF_99_2006_FAROLAS_TRASERAS_DEPORTIVAS_NEGRAS_ROJAS.png","No existe una fotografía original válida"
"46","PAR FAROLAS TRASERAS DEPORTIVAS NEGRAS ROJAS","VOLKSWAGEN","GOLF MK4","/catalogo-editado/volkswagen-golf-mk4/VOLKSWAGEN_MK4_GOLF_99_2006_FAROLAS_TRASERAS_DEPORTIVAS_NEGRAS_ROJAS_PAR.png","No existe una fotografía original válida"
"47","FAROLAS TRASERAS ROJAS BLANCAS","VOLKSWAGEN","GOLF MK4","/catalogo-editado/volkswagen-golf-mk4/VOLKSWAGEN_MK4_GOLF_99_2006_FAROLAS_TRASERAS_ROJAS_BLANCAS.png","No existe una fotografía original válida"
"50","JUEGO TAPETES GOMA","VOLKSWAGEN","GOLF MK4","/catalogo-editado/volkswagen-golf-mk4/VOLKSWAGEN_MK4_GOLF_99_2006_JUEGO_TAPETES_GOMA.png","No existe una fotografía original válida"
"406","KIT SUSPENSION LIFT","CHEVROLET","SILVERADO","CHEVROLET_SILVERADO_1990-1999_KIT_SUSPENSION_LIFT.jpg","No existe una fotografía original válida"
"407","KIT SUSPENSION Y DIRECCION","CHEVROLET","SILVERADO","CHEVROLET_SILVERADO_1990-1999_KIT_SUSPENSION_Y_DIRECCION.jpg","No existe una fotografía original válida"
"408","LUCES ESQUINERAS AHUMADAS","CHEVROLET","SILVERADO","CHEVROLET_SILVERADO_1990-1999_LUCES_ESQUINERAS_AHUMADAS.jpg","No existe una fotografía original válida"
"425","STOPS TRASEROS AHUMADO ROJOS","CHEVROLET","SILVERADO","CHEVROLET_SILVERADO_1990-1999_STOPS_TRASEROS_AHUMADO_ROJOS.jpg","No existe una fotografía original válida"
"426","STOPS TRASEROS LED AHUMADOS","CHEVROLET","SILVERADO","CHEVROLET_SILVERADO_1990-1999_STOPS_TRASEROS_LED_AHUMADOS.jpg","No existe una fotografía original válida"
"427","STOPS TRASEROS LED BLACK SMOKE","CHEVROLET","SILVERADO","CHEVROLET_SILVERADO_1990-1999_STOPS_TRASEROS_LED_BLACK_SMOKE.jpg","No existe una fotografía original válida"
"428","STOPS TRASEROS LED ROJO CRISTAL","CHEVROLET","SILVERADO","CHEVROLET_SILVERADO_1990-1999_STOPS_TRASEROS_LED_ROJO_CRISTAL.jpg","No existe una fotografía original válida"
"429","STOPS TRASEROS LED SMOKE","CHEVROLET","SILVERADO","CHEVROLET_SILVERADO_1990-1999_STOPS_TRASEROS_LED_SMOKE.jpg","No existe una fotografía original válida"
"431","STOPS TRASEROS SMOKE REDONDOS","CHEVROLET","SILVERADO","CHEVROLET_SILVERADO_1990-1999_STOPS_TRASEROS_SMOKE_REDONDOS.jpg","No existe una fotografía original válida"
"442","KIT FAROLAS HALO Y CUARTOS CROMADO","CHEVROLET","SILVERADO","CHEVROLET_SILVERADO_1990-1999_KIT_FAROLAS_HALO_Y_CUARTOS_CROMADO.jpg","No existe una fotografía original válida"
"443","KIT FAROLAS LED DIRECCIONAL AMBAR NEGRO","CHEVROLET","SILVERADO","CHEVROLET_SILVERADO_1990-1999_KIT_FAROLAS_LED_DIRECCIONAL_AMBAR_NEGRO.jpg","No existe una fotografía original válida"
"444","KIT FAROLAS PROYECTOR HALO CROMO","CHEVROLET","SILVERADO","CHEVROLET_SILVERADO_1990-1999_KIT_FAROLAS_PROYECTOR_HALO_CROMO.jpg","No existe una fotografía original válida"
"445","KIT FAROLAS PROYECTOR HALO NEGRO","CHEVROLET","SILVERADO","CHEVROLET_SILVERADO_1990-1999_KIT_FAROLAS_PROYECTOR_HALO_NEGRO.jpg","No existe una fotografía original válida"
"446","KIT FAROLAS Y LUCES TRASERAS","CHEVROLET","SILVERADO","CHEVROLET_SILVERADO_1990-1999_KIT_FAROLAS_Y_LUCES_TRASERAS.jpg","No existe una fotografía original válida"
"458","CONTROL ESPEJOS ELECTRICO GRIS","CHEVROLET","SILVERADO","CHEVROLET_SILVERADO_1990-1999_CONTROL_ESPEJOS_ELECTRICO_GRIS.jpg","No existe una fotografía original válida"
"459","CONTROL ESPEJOS ELECTRICOS","CHEVROLET","SILVERADO","CHEVROLET_SILVERADO_1990-1999_CONTROL_ESPEJOS_ELECTRICOS.jpg","No existe una fotografía original válida"
"460","CONVERSION FRONTAL GMC","CHEVROLET","SILVERADO","CHEVROLET_SILVERADO_1990-1999_CONVERSION_FRONTAL_GMC.jpg","No existe una fotografía original válida"
"461","CUARTOS DELANTEROS AHUMADOS","CHEVROLET","SILVERADO","CHEVROLET_SILVERADO_1990-1999_CUARTOS_DELANTEROS_AHUMADOS.jpg","No existe una fotografía original válida"
"462","CUARTOS DELANTEROS TRANSPARENTES","CHEVROLET","SILVERADO","CHEVROLET_SILVERADO_1990-1999_CUARTOS_DELANTEROS_TRANSPARENTES.jpg","No existe una fotografía original válida"
"466","DISCOS FRENO DELANTEROS PERFORADOS RANURADOS PAR","CHEVROLET","SILVERADO","CHEVROLET_SILVERADO_1990-1999_DISCOS_FRENO_DELANTEROS_PERFORADOS_RANURADOS_PAR.jpg","No existe una fotografía original válida"
"467","ENSANCHES GUARDAFANGO NEGROS","CHEVROLET","SILVERADO","CHEVROLET_SILVERADO_1990-1999_ENSANCHES_GUARDAFANGO_NEGROS.jpg","No existe una fotografía original válida"
"468","ESPEJOS LATERALES ELECTRICOS NEGROS","CHEVROLET","SILVERADO","CHEVROLET_SILVERADO_1990-1999_ESPEJOS_LATERALES_ELECTRICOS_NEGROS.jpg","No existe una fotografía original válida"
"469","ESPEJOS LATERALES EXTENSIBLES TIPO TOW","CHEVROLET","SILVERADO","CHEVROLET_SILVERADO_1990-1999_ESPEJOS_LATERALES_EXTENSIBLES_TIPO_TOW.jpg","No existe una fotografía original válida"
"470","ESPEJOS LATERALES TIPO TOW","CHEVROLET","SILVERADO","CHEVROLET_SILVERADO_1990-1999_ESPEJOS_LATERALES_TIPO_TOW.jpg","No existe una fotografía original válida"
"482","CARATULA TABLERO INDIGLO AZUL MODELO 01","CHEVROLET","SILVERADO","CHEVROLET_SILVERADO_1990-1999_CARATULA_TABLERO_INDIGLO_AZUL_MODELO_01.jpg","No existe una fotografía original válida"
"483","CARATULA TABLERO INDIGLO AZUL MODELO 02","CHEVROLET","SILVERADO","CHEVROLET_SILVERADO_1990-1999_CARATULA_TABLERO_INDIGLO_AZUL_MODELO_02.jpg","No existe una fotografía original válida"
"484","CARATULA TABLERO INDIGLO AZUL VERDE MODELO 03","CHEVROLET","SILVERADO","CHEVROLET_SILVERADO_1990-1999_CARATULA_TABLERO_INDIGLO_AZUL_VERDE_MODELO_03.jpg","No existe una fotografía original válida"
"485","CARATULA TABLERO INDIGLO AZUL VERDE MODELO 04","CHEVROLET","SILVERADO","CHEVROLET_SILVERADO_1990-1999_CARATULA_TABLERO_INDIGLO_AZUL_VERDE_MODELO_04.jpg","No existe una fotografía original válida"
"486","CARATULA TABLERO INDIGLO BLANCO AZUL","CHEVROLET","SILVERADO","CHEVROLET_SILVERADO_1990-1999_CARATULA_TABLERO_INDIGLO_BLANCO_AZUL.jpg","No existe una fotografía original válida"
"179","RADIADOR ALUMINIO ALTO RENDIMIENTO","FORD","BRONCO","FORD_BRONCO_90_RADIADOR_ALUMINIO_ALTO_RENDIMIENTO.jpg","No existe una fotografía original válida"
"234","STOP LED TRASERO AHUMADO CON CONTORNO BLANCO","FORD","F-150","FORD_150_2017_STOP_LED_TRASERO_AHUMADO_CONTORNO_BLANCO.jpg","No existe una fotografía original válida"
"235","STOP LED TRASERO TIPO C CON CONTORNO ROJO","FORD","F-150","FORD_150_2017_STOP_LED_TRASERO_TIPO_C_CONTORNO_ROJO.jpg","No existe una fotografía original válida"
"236","TERCER STOP LED","FORD","F-150","FORD_150_2017_TERCER_STOP_LED.jpg","No existe una fotografía original válida"
"237","CUBIERTAS ANTIDESLIZANTES PARA PEDAL 2 PIEZAS","FORD","F-150","FORD_150_2017_CUBIERTAS_PEDAL_ANTIDESLIZANTES_2PCS.jpg","No existe una fotografía original válida"
"238","FAROS DELANTEROS LED DRL NEGROS","FORD","F-150","FORD_150_2017_FAROS_DELANTEROS_LED_DRL_NEGROS.jpg","No existe una fotografía original válida"
"239","FAROS DELANTEROS LED DRL TIPO C BLANCO","FORD","F-150","FORD_150_2017_FAROS_DELANTEROS_LED_DRL_TIPO_C_BLANCO.jpg","No existe una fotografía original válida"
"240","FAROS DELANTEROS PROYECTOR LED DRL BLANCO","FORD","F-150","FORD_150_2017_FAROS_DELANTEROS_PROYECTOR_LED_DRL_BLANCO.jpg","No existe una fotografía original válida"
"241","FAROS DELANTEROS PROYECTOR LED DRL BLANCO ÁMBAR","FORD","F-150","FORD_150_2017_FAROS_DELANTEROS_PROYECTOR_LED_DRL_BLANCO_AMBAR.jpg","No existe una fotografía original válida"
"242","FAROS EXPLORADORES LED RECTANGULARES","FORD","F-150","FORD_150_2017_FAROS_EXPLORADORES_LED_RECTANGULARES.jpg","No existe una fotografía original válida"
"243","KIT DE ADMISIÓN DE AIRE FRÍO K&N","FORD","F-150","FORD_150_2017_KIT_ADMISION_AIRE_FRIA_KN.jpg","No existe una fotografía original válida"
"244","PARRILLA FRONTAL DEPORTIVA CON BARRA LED","FORD","F-150","FORD_150_2017_PARRILLA_FRONTAL_DEPORTIVA_BARRA_LED.jpg","No existe una fotografía original válida"
"245","PARRILLA FRONTAL ESTILO RAPTOR CON LUCES ÁMBAR","FORD","F-150","FORD_150_2017_PARRILLA_FRONTAL_ESTILO_RAPTOR_LUCES_AMBAR.jpg","No existe una fotografía original válida"
"246","PARRILLA FRONTAL NEGRA TIPO RAPTOR CON LUCES ÁMBAR","FORD","F-150","FORD_150_2017_PARRILLA_FRONTAL_NEGRA_TIPO_RAPTOR_LUCES_AMBAR.jpg","No existe una fotografía original válida"
"247","SISTEMA DE ADMISIÓN DE AIRE FRÍO","FORD","F-150","FORD_150_2017_SISTEMA_ADMISION_AIRE_FRIA.jpg","No existe una fotografía original válida"
"248","STOPS LED TRASEROS AHUMADOS BLANCO Y ROJO","FORD","F-150","FORD_150_2017_STOPS_LED_TRASEROS_AHUMADOS_BLANCO_ROJO.jpg","No existe una fotografía original válida"
"249","STOPS LED TRASEROS AHUMADOS CON CONTORNO BLANCO","FORD","F-150","FORD_150_2017_STOPS_LED_TRASEROS_AHUMADOS_CONTORNO_BLANCO.jpg","No existe una fotografía original válida"
"250","STOPS LED TRASEROS AHUMADOS TIPO C BLANCO Y ROJO","FORD","F-150","FORD_150_2017_STOPS_LED_TRASEROS_AHUMADOS_TIPO_C_BLANCO_ROJO.jpg","No existe una fotografía original válida"
"251","STOPS LED TRASEROS AHUMADOS TIPO C ROJO","FORD","F-150","FORD_150_2017_STOPS_LED_TRASEROS_AHUMADOS_TIPO_C_ROJO.jpg","No existe una fotografía original válida"
"252","STOPS LED TRASEROS CON CONTORNO ROJO TIPO C","FORD","F-150","FORD_150_2017_STOPS_LED_TRASEROS_CONTORNO_ROJO_TIPO_C.jpg","No existe una fotografía original válida"
"253","STOPS LED TRASEROS ROJOS ROSSO RED","FORD","F-150","FORD_150_2017_STOPS_LED_TRASEROS_ROJOS_ROSSO_RED.jpg","No existe una fotografía original válida"
"92","TERCER STOP LED AHUMADO","FORD","LOBO","FORD_LOBO_1999_TERCER_STOP_LED_AHUMADO.jpg","No existe una fotografía original válida"
"96","MOFLE DEPORTIVO SILENCIADOR","FORD","LOBO","FORD_LOBO_1999_MOFLE_DEPORTIVO_SILENCIADOR.jpg","No existe una fotografía original válida"
"105","PARRILLA PRINCIPAL INFERIOR BILLET GRIS","FORD","LOBO","FORD_LOBO_1999_PARRILLA_PRINCIPAL_INFERIOR_BILLET_GRIS.jpg","No existe una fotografía original válida"
"110","STOPS TRASEROS LED AHUMADAS","FORD","LOBO","FORD_LOBO_1999_STOPS_TRASEROS_LED_AHUMADAS.jpg","No existe una fotografía original válida"
"111","STOPS TRASEROS LED AHUMADOS 2","FORD","LOBO","FORD_LOBO_1999_STOPS_TRASEROS_LED_AHUMADOS_2.jpg","No existe una fotografía original válida"
"112","STOPS TRASEROS LED NEGRO CROMADO","FORD","LOBO","FORD_LOBO_1999_STOPS_TRASEROS_LED_NEGRO_CROMADO.jpg","No existe una fotografía original válida"
"113","STOPS TRASEROS LED NEGROS AHUMADOS FLARESIDE","FORD","LOBO","FORD_LOBO_1999_STOPS_TRASEROS_LED_NEGROS_AHUMADOS_FLARESIDE.jpg","No existe una fotografía original válida"
"114","STOPS TRASEROS LED ROJOS","FORD","LOBO","FORD_LOBO_1999_STOPS_TRASEROS_LED_ROJOS.jpg","No existe una fotografía original válida"
"115","STOPS TRASEROS LED ROJOS","FORD","LOBO","FORD_LOBO_1999_STOPS_TRASEROS_LED_ROJOS_.jpg","No existe una fotografía original válida"
"116","STOPS TRASEROS LED ROJOS FLARESIDE","FORD","LOBO","FORD_LOBO_1999_STOPS_TRASEROS_LED_ROJOS_FLARESIDE.jpg","No existe una fotografía original válida"
"130","KIT DE LUCES LED AHUMADAS","FORD","LOBO","FORD_LOBO_1999_KIT_DE_LUCES_LED_AHUMADAS.jpg","No existe una fotografía original válida"
"133","KIT LUCES DELANTERAS TRASERAS AHUMADAS","FORD","LOBO","FORD_LOBO_1999_KIT_LUCES_DELANTERAS_TRASERAS_AHUMADAS.jpg","No existe una fotografía original válida"
"135","KIT LUCES NEGRO AHUMADO","FORD","LOBO","FORD_LOBO_1999_KIT_LUCES_NEGRO_AHUMADO.jpg","No existe una fotografía original válida"
"141","CARATULA TABLERO ILUMINADA AZUL TIPO 2","FORD","LOBO","FORD_LOBO_1999_CARATULA_TABLERO_ILUMINADA_AZUL_TIPO_2.jpg","No existe una fotografía original válida"
"14039","KIT OJOS DE ÁNGEL CCFL DE 4 AROS","VOLKSWAGEN","GOLF / JETTA MK5 A5","/catalogo-editado/volkswagen-golf-jetta-mk5-a5-2005-2010/VOLKSWAGEN_GOLF_JETTA_MK5_A5_2005_2010_KIT_OJOS_DE_ANGEL_CCFL_4_AROS.jpg","No existe una fotografía original válida"
"14040","LENTES TRANSPARENTES DE FAROLA DELANTERA (PAR)","VOLKSWAGEN","GOLF / JETTA MK5 A5","/catalogo-editado/volkswagen-golf-jetta-mk5-a5-2005-2010/VOLKSWAGEN_GOLF_JETTA_MK5_A5_2005_2010_LENTES_DE_FAROLA_DELANTERA_TRANSPARENTES_PAR.jpg","No existe una fotografía original válida"
"14041","LENTES TRANSPARENTES DE FAROLA DELANTERA - VISTA ALTERNATIVA","VOLKSWAGEN","GOLF / JETTA MK5 A5","/catalogo-editado/volkswagen-golf-jetta-mk5-a5-2005-2010/VOLKSWAGEN_GOLF_JETTA_MK5_A5_2005_2010_LENTES_DE_FAROLA_DELANTERA_TRANSPARENTES_VISTA_ALTERNATIVA.jpg","No existe una fotografía original válida"
"14042","PEDALES DEPORTIVOS AUTOMÁTICOS CON DESCANSAPIÉ - 3 PIEZAS","VOLKSWAGEN","GOLF / JETTA MK5 A5","/catalogo-editado/volkswagen-golf-jetta-mk5-a5-2005-2010/VOLKSWAGEN_GOLF_JETTA_MK5_A5_2005_2010_PEDALES_DEPORTIVOS_AUTOMATICO_CON_DESCANSAPIE_3_PIEZAS.jpg","No existe una fotografía original válida"
"14043","PEDALES DEPORTIVOS MANUALES - 3 PIEZAS","VOLKSWAGEN","GOLF / JETTA MK5 A5","/catalogo-editado/volkswagen-golf-jetta-mk5-a5-2005-2010/VOLKSWAGEN_GOLF_JETTA_MK5_A5_2005_2010_PEDALES_DEPORTIVOS_MANUAL_3_PIEZAS.jpg","No existe una fotografía original válida"
"14044","PEDALES DEPORTIVOS MANUALES CON DESCANSAPIÉ - 4 PIEZAS","VOLKSWAGEN","GOLF / JETTA MK5 A5","/catalogo-editado/volkswagen-golf-jetta-mk5-a5-2005-2010/VOLKSWAGEN_GOLF_JETTA_MK5_A5_2005_2010_PEDALES_DEPORTIVOS_MANUAL_CON_DESCANSAPIE_4_PIEZAS.jpg","No existe una fotografía original válida"
"14045","POMO Y FUELLE DE 5 VELOCIDADES NEGRO","VOLKSWAGEN","GOLF / JETTA MK5 A5","/catalogo-editado/volkswagen-golf-jetta-mk5-a5-2005-2010/VOLKSWAGEN_GOLF_JETTA_MK5_A5_2005_2010_POMO_Y_FUELLE_5_VELOCIDADES_NEGRO.jpg","No existe una fotografía original válida"
"14046","STOPS TRASEROS LED AHUMADOS (POR CONFIRMAR)","VOLKSWAGEN","GOLF MK5","/catalogo-editado/volkswagen-golf-jetta-mk5-a5-2005-2010/VOLKSWAGEN_GOLF_MK5_2005_2009_STOPS_TRASEROS_LED_AHUMADOS_POR_CONFIRMAR.jpg","No existe una fotografía original válida"
"14047","ALERÓN DE TECHO TRASERO NEGRO","VOLKSWAGEN","JETTA MK5 A5","/catalogo-editado/volkswagen-golf-jetta-mk5-a5-2005-2010/VOLKSWAGEN_JETTA_MK5_A5_2005_2010_ALERON_DE_TECHO_TRASERO_NEGRO.jpg","No existe una fotografía original válida"
"14048","LIP INFERIOR DE BÚMPER DELANTERO NEGRO","VOLKSWAGEN","JETTA MK5 A5","/catalogo-editado/volkswagen-golf-jetta-mk5-a5-2005-2010/VOLKSWAGEN_JETTA_MK5_A5_2005_2010_LIP_INFERIOR_DE_BUMPER_DELANTERO_NEGRO.jpg","No existe una fotografía original válida"
"14049","REJILLAS DE EXPLORADORA CON MOLDURA CROMADA","VOLKSWAGEN","JETTA MK5 A5","/catalogo-editado/volkswagen-golf-jetta-mk5-a5-2005-2010/VOLKSWAGEN_JETTA_MK5_A5_2005_2010_REJILLAS_DE_EXPLORADORA_CON_MOLDURA_CROMADA.jpg","No existe una fotografía original válida"
"14050","TAPETES DE CAUCHO NEGROS - 4 PIEZAS","VOLKSWAGEN","JETTA MK5 A5","/catalogo-editado/volkswagen-golf-jetta-mk5-a5-2005-2010/VOLKSWAGEN_JETTA_MK5_A5_2005_2010_TAPETES_DE_CAUCHO_NEGROS_4_PIEZAS.jpg","No existe una fotografía original válida"
"14051","EXPLORADORAS DELANTERAS TIPO PROYECTOR (PAR)","VOLKSWAGEN","GOLF GTI / JETTA GLI MK5 A5","/catalogo-editado/volkswagen-golf-jetta-mk5-a5-2005-2010/VOLKSWAGEN_GOLF_GTI_JETTA_GLI_MK5_A5_2005_2010_EXPLORADORAS_DELANTERAS_TIPO_PROYECTOR_PAR.jpg","No existe una fotografía original válida"
"14052","KIT DE PARRILLAS TIPO PANAL CON MOLDURA ROJA","VOLKSWAGEN","GOLF GTI / JETTA GLI MK5 A5","/catalogo-editado/volkswagen-golf-jetta-mk5-a5-2005-2010/VOLKSWAGEN_GOLF_GTI_JETTA_GLI_MK5_A5_2005_2010_KIT_DE_PARRILLAS_TIPO_PANAL_CON_MOLDURA_ROJA.jpg","No existe una fotografía original válida"
"14053","KIT DE REJILLAS DE EXPLORADORA Y FAROS H11","VOLKSWAGEN","GOLF GTI / JETTA GLI MK5 A5","/catalogo-editado/volkswagen-golf-jetta-mk5-a5-2005-2010/VOLKSWAGEN_GOLF_GTI_JETTA_GLI_MK5_A5_2005_2010_KIT_REJILLAS_DE_EXPLORADORA_Y_FAROS_H11.jpg","No existe una fotografía original válida"
"14054","LIP DELANTERO ESTILO ABT NEGRO","VOLKSWAGEN","GOLF GTI / JETTA GLI MK5 A5","/catalogo-editado/volkswagen-golf-jetta-mk5-a5-2005-2010/VOLKSWAGEN_GOLF_GTI_JETTA_GLI_MK5_A5_2005_2010_LIP_DELANTERO_ESTILO_ABT_NEGRO.jpg","No existe una fotografía original válida"
"14055","PARRILLA DELANTERA TIPO PANAL CON LÍNEA ROJA","VOLKSWAGEN","GOLF GTI / JETTA GLI MK5 A5","/catalogo-editado/volkswagen-golf-jetta-mk5-a5-2005-2010/VOLKSWAGEN_GOLF_GTI_JETTA_GLI_MK5_A5_2005_2010_PARRILLA_DELANTERA_TIPO_PANAL_LINEA_ROJA.jpg","No existe una fotografía original válida"
"14056","PARRILLA DELANTERA TIPO PANAL SIN EMBLEMA","VOLKSWAGEN","GOLF GTI / JETTA GLI MK5 A5","/catalogo-editado/volkswagen-golf-jetta-mk5-a5-2005-2010/VOLKSWAGEN_GOLF_GTI_JETTA_GLI_MK5_A5_2005_2010_PARRILLA_DELANTERA_TIPO_PANAL_SIN_EMBLEMA.jpg","No existe una fotografía original válida"
"14057","POMO Y FUELLE DE 5 VELOCIDADES ESTILO GTI","VOLKSWAGEN","GOLF GTI / JETTA GLI MK5 A5","/catalogo-editado/volkswagen-golf-jetta-mk5-a5-2005-2010/VOLKSWAGEN_GOLF_GTI_JETTA_GLI_MK5_A5_2005_2010_POMO_Y_FUELLE_5_VELOCIDADES_ESTILO_GTI.jpg","No existe una fotografía original válida"
"14058","POMO Y FUELLE DE 6 VELOCIDADES CON COSTURA ROJA","VOLKSWAGEN","GOLF GTI / JETTA GLI MK5 A5","/catalogo-editado/volkswagen-golf-jetta-mk5-a5-2005-2010/VOLKSWAGEN_GOLF_GTI_JETTA_GLI_MK5_A5_2005_2010_POMO_Y_FUELLE_6_VELOCIDADES_COSTURA_ROJA.jpg","No existe una fotografía original válida"
"14059","POMO Y FUELLE DE 6 VELOCIDADES ESTILO DEPORTIVO","VOLKSWAGEN","GOLF GTI / JETTA GLI MK5 A5","/catalogo-editado/volkswagen-golf-jetta-mk5-a5-2005-2010/VOLKSWAGEN_GOLF_GTI_JETTA_GLI_MK5_A5_2005_2010_POMO_Y_FUELLE_6_VELOCIDADES_ESTILO_DEPORTIVO.jpg","No existe una fotografía original válida"
"14060","REJILLAS LATERALES DE EXPLORADORA TIPO PANAL","VOLKSWAGEN","GOLF GTI / JETTA GLI MK5 A5","/catalogo-editado/volkswagen-golf-jetta-mk5-a5-2005-2010/VOLKSWAGEN_GOLF_GTI_JETTA_GLI_MK5_A5_2005_2010_REJILLAS_LATERALES_DE_EXPLORADORA_TIPO_PANAL.jpg","No existe una fotografía original válida"
"14062","DIRECCIONAL LED PARA ESPEJO RETROVISOR","VOLKSWAGEN","GOLF / JETTA MK5 A5","/catalogo-editado/volkswagen-golf-jetta-mk5-a5-2005-2010/VOLKSWAGEN_GOLF_JETTA_MK5_A5_2005_2010_DIRECCIONAL_LED_DE_ESPEJO_RETROVISOR.jpg","No existe una fotografía original válida"
"14063","DISCOS DE FRENO RANURADOS Y PERFORADOS (PAR)","VOLKSWAGEN","GOLF / JETTA MK5 A5","/catalogo-editado/volkswagen-golf-jetta-mk5-a5-2005-2010/VOLKSWAGEN_GOLF_JETTA_MK5_A5_2005_2010_DISCOS_DE_FRENO_RANURADOS_Y_PERFORADOS_PAR.jpg","No existe una fotografía original válida"
"14064","FAROLAS DELANTERAS PROYECTOR OJO DE ÁNGEL NEGRAS","VOLKSWAGEN","GOLF / JETTA MK5 A5","/catalogo-editado/volkswagen-golf-jetta-mk5-a5-2005-2010/VOLKSWAGEN_GOLF_JETTA_MK5_A5_2005_2010_FAROLAS_DELANTERAS_PROYECTOR_OJO_DE_ANGEL_NEGRAS.jpg","No existe una fotografía original válida"
"14065","INTERRUPTOR DE LUCES CON FUNCIÓN AUTO","VOLKSWAGEN","GOLF / JETTA MK5 A5","/catalogo-editado/volkswagen-golf-jetta-mk5-a5-2005-2010/VOLKSWAGEN_GOLF_JETTA_MK5_A5_2005_2010_INTERRUPTOR_DE_LUCES_CON_FUNCION_AUTO.jpg","No existe una fotografía original válida"
"14066","JUEGO DE PEDALES EN ALUMINIO CON TORNILLERÍA","VOLKSWAGEN","GOLF / JETTA MK5 A5","/catalogo-editado/volkswagen-golf-jetta-mk5-a5-2005-2010/VOLKSWAGEN_GOLF_JETTA_MK5_A5_2005_2010_JUEGO_DE_PEDALES_EN_ALUMINIO_CON_TORNILLERIA.jpg","No existe una fotografía original válida"
"14067","KIT DE CLUTCH DE ALTO RENDIMIENTO ROJO (POR CONFIRMAR)","VOLKSWAGEN","GOLF / JETTA MK5 A5","/catalogo-editado/volkswagen-golf-jetta-mk5-a5-2005-2010/VOLKSWAGEN_GOLF_JETTA_MK5_A5_2005_2010_KIT_DE_CLUTCH_ALTO_RENDIMIENTO_ROJO_POR_CONFIRMAR.jpg","No existe una fotografía original válida"
"14068","KIT DE CLUTCH DEPORTIVO AZUL (POR CONFIRMAR)","VOLKSWAGEN","GOLF / JETTA MK5 A5","/catalogo-editado/volkswagen-golf-jetta-mk5-a5-2005-2010/VOLKSWAGEN_GOLF_JETTA_MK5_A5_2005_2010_KIT_DE_CLUTCH_DEPORTIVO_AZUL_POR_CONFIRMAR.jpg","No existe una fotografía original válida"
"14069","DIRECCIONALES DELANTERAS CLARAS (PAR)","VOLKSWAGEN","GOLF MK2","/catalogo-editado/volkswagen-golf-mk2-1989-1991/VOLKSWAGEN_GOLF_MK2_1989_1991_DIRECCIONALES_DELANTERAS_CLARAS_PAR.jpg","No existe una fotografía original válida"
"14070","EXPLORADORAS DELANTERAS DE CRISTAL (PAR)","VOLKSWAGEN","GOLF MK2","/catalogo-editado/volkswagen-golf-mk2-1989-1991/VOLKSWAGEN_GOLF_MK2_1989_1991_EXPLORADORAS_DELANTERAS_CRISTAL_PAR.jpg","No existe una fotografía original válida"
"14071","FAROLAS DELANTERAS HALO ÁMBAR (PAR)","VOLKSWAGEN","GOLF MK2","/catalogo-editado/volkswagen-golf-mk2-1989-1991/VOLKSWAGEN_GOLF_MK2_1989_1991_FAROLAS_DELANTERAS_HALO_AMBAR_PAR.jpg","No existe una fotografía original válida"
"14072","FAROLAS DELANTERAS REDONDAS AHUMADAS (PAR)","VOLKSWAGEN","GOLF MK2","/catalogo-editado/volkswagen-golf-mk2-1989-1991/VOLKSWAGEN_GOLF_MK2_1989_1991_FAROLAS_DELANTERAS_REDONDAS_AHUMADAS_PAR.jpg","No existe una fotografía original válida"
"14073","FUELLE NEGRO PARA PALANCA DE CAMBIOS","VOLKSWAGEN","GOLF MK2","/catalogo-editado/volkswagen-golf-mk2-1989-1991/VOLKSWAGEN_GOLF_MK2_1989_1991_FUELLE_PALANCA_CAMBIOS_NEGRO.jpg","No existe una fotografía original válida"
"14074","KIT DE MANGUERAS DE RADIADOR EN SILICONA ROJA","VOLKSWAGEN","GOLF MK2","/catalogo-editado/volkswagen-golf-mk2-1989-1991/VOLKSWAGEN_GOLF_MK2_1989_1991_KIT_MANGUERAS_RADIADOR_SILICONA_ROJAS.jpg","No existe una fotografía original válida"
"14075","KIT DE MOLDURAS LATERALES NEGRAS","VOLKSWAGEN","GOLF MK2","/catalogo-editado/volkswagen-golf-mk2-1989-1991/VOLKSWAGEN_GOLF_MK2_1989_1991_KIT_MOLDURAS_LATERALES_NEGRAS.jpg","No existe una fotografía original válida"
"14076","KIT DE MANIJA EXTERIOR DE PUERTA CON LLAVES","VOLKSWAGEN","GOLF MK2","/catalogo-editado/volkswagen-golf-mk2-1989-1991/VOLKSWAGEN_GOLF_MK2_1989_1991_MANIJA_EXTERIOR_PUERTA_CON_LLAVES_KIT.jpg","No existe una fotografía original válida"
"14077","MARCO DE PARRILLA DELANTERA PARA CUATRO FAROLAS","VOLKSWAGEN","GOLF MK2","/catalogo-editado/volkswagen-golf-mk2-1989-1991/VOLKSWAGEN_GOLF_MK2_1989_1991_MARCO_PARRILLA_DELANTERA_CUATRO_FAROLAS.jpg","No existe una fotografía original válida"
"14078","MOLDURA INTERIOR TRASERA","VOLKSWAGEN","GOLF MK2","/catalogo-editado/volkswagen-golf-mk2-1989-1991/VOLKSWAGEN_GOLF_MK2_1989_1991_MOLDURA_INTERIOR_TRASERA.jpg","No existe una fotografía original válida"
"14079","MÚLTIPLE DE ESCAPE EN ACERO INOXIDABLE","VOLKSWAGEN","GOLF MK2","/catalogo-editado/volkswagen-golf-mk2-1989-1991/VOLKSWAGEN_GOLF_MK2_1989_1991_MULTIPLE_ESCAPE_ACERO_INOXIDABLE.jpg","No existe una fotografía original válida"
"14080","PANEL NEGRO DE CONTROL DE CALEFACCIÓN","VOLKSWAGEN","GOLF MK2","/catalogo-editado/volkswagen-golf-mk2-1989-1991/VOLKSWAGEN_GOLF_MK2_1989_1991_PANEL_CONTROL_CALEFACCION_NEGRO.jpg","No existe una fotografía original válida"
"14081","PARRILLA DELANTERA NEGRA PARA DOS FAROLAS","VOLKSWAGEN","GOLF MK2","/catalogo-editado/volkswagen-golf-mk2-1989-1991/VOLKSWAGEN_GOLF_MK2_1989_1991_PARRILLA_DELANTERA_NEGRA_DOS_FAROLAS.jpg","No existe una fotografía original válida"
"14082","RADIADOR DE ALUMINIO 524 × 310 MM","VOLKSWAGEN","GOLF MK2","/catalogo-editado/volkswagen-golf-mk2-1989-1991/VOLKSWAGEN_GOLF_MK2_1989_1991_RADIADOR_ALUMINIO_524X310MM.jpg","No existe una fotografía original válida"
"14083","STOPS TRASEROS ROJO Y CLARO (PAR)","VOLKSWAGEN","GOLF MK2","/catalogo-editado/volkswagen-golf-mk2-1989-1991/VOLKSWAGEN_GOLF_MK2_1989_1991_STOPS_TRASEROS_ROJO_CLARO_PAR.jpg","No existe una fotografía original válida"
"14084","TAPAS INTERIORES DE ESPEJO RETROVISOR (POR CONFIRMAR)","VOLKSWAGEN","GOLF MK2","/catalogo-editado/volkswagen-golf-mk2-1989-1991/VOLKSWAGEN_GOLF_MK2_1989_1991_TAPAS_INTERIORES_ESPEJO_RETROVISOR_POR_CONFIRMAR.jpg","No existe una fotografía original válida"
